{
  "Assignments_Completed_%": 0.43883,
  "Attendance_%": 0.09733,
  "Sleep_Hours": 0.089841,
  "Stress_Level_(1-10)": 0.086198,
  "Avg_Internal_Score": 0.080599,
  "Gender": 0.079163,
  "Study_Hours_per_Day": 0.072534,
  "Age": 0.044488,
  "Social_Media_Hours": 0.011018
}